Workbook

Sheet อ่านก่อน
A1: Shared_Capex_Tracker_2569.xlsx (ข้อมูลสมมติ)
A2: ไฟล์นี้หลายคนแก้พร้อมกันบน SharePoint: PM แต่ละไซต์แก้เฉพาะแท็บของตัวเอง, Finance แก้คอลัมน์ Spent_Confirmed
A3: แท็บ Summary คำนวณด้วยสูตร ห้ามพิมพ์ทับ
A4: กฎ: ก่อนให้ Claude แก้ไฟล์นี้ ให้ทำสำเนาก่อนเสมอ (copy-before-write) แล้วตรวจก่อนบันทึก

Sheet Summary
A1: Site | B1: SiteName | C1: Budget_MTHB | D1: Spent_Confirmed | E1: Forecast_MTHB | F1: Variance_MTHB
A2: Site A | B2: เหมืองสมมติ ภูผาทอง | C2: ='Site A'!C4 | D2: ='Site A'!E4 | E2: ='Site A'!F4 | F2: ='Site A'!G4
A3: Site B | B3: เหมืองสมมติ ดอยหินดำ | C3: ='Site B'!C4 | D3: ='Site B'!E4 | E3: ='Site B'!F4 | F3: ='Site B'!G4
A4: Site C | B4: เหมืองสมมติ ผาแดง | C4: ='Site C'!C4 | D4: ='Site C'!E4 | E4: ='Site C'!F4 | F4: ='Site C'!G4
A5: Site D | B5: โรงไฟฟ้าสมมติ ลำน้ำใส | C5: ='Site D'!C4 | D5: ='Site D'!E4 | E5: ='Site D'!F4 | F5: ='Site D'!G4
A6: Site E | B6: โรงไฟฟ้าสมมติ ทุ่งทอง | C6: ='Site E'!C3 | D6: ='Site E'!E3 | E6: ='Site E'!F3 | F6: ='Site E'!G3
A7: Site F | B7: ฟาร์มโซลาร์สมมติ แสงตะวัน | C7: ='Site F'!C5 | D7: ='Site F'!E5 | E7: ='Site F'!F5 | F7: ='Site F'!G5
A8: รวมทุกไซต์ | C8: =SUM(C2:C7) | D8: =SUM(D2:D7) | E8: =SUM(E2:E7) | F8: =SUM(F2:F7)

Sheet Site A
A1: ProjectID | B1: Title | C1: Budget_MTHB | D1: Spent_PM | E1: Spent_Confirmed | F1: Forecast_MTHB | G1: Variance_MTHB | H1: Status | I1: LastEditedBy | J1: Note
A2: PRJ-101 | B2: เปลี่ยนสายพานลำเลียง CV-03 | C2: 48 | D2: 25.6 | E2: 24.9 | F2: 52.3 | G2: =F2-C2 | H2: On track | I2: สมศักดิ์ ทดสอบ
A3: PRJ-102 | B3: ติดตั้งระบบตรวจฝุ่นออนไลน์ | C3: 12.5 | D3: 10.4 | E3: 10.2 | F3: 13.6 | G3: =F3-C3 | H3: At risk | I3: สมศักดิ์ ทดสอบ
A4: รวม | C4: =SUM(C2:C3) | D4: =SUM(D2:D3) | E4: =SUM(E2:E3) | F4: =SUM(F2:F3) | G4: =SUM(G2:G3)

Sheet Site B
A1: ProjectID | B1: Title | C1: Budget_MTHB | D1: Spent_PM | E1: Spent_Confirmed | F1: Forecast_MTHB | G1: Variance_MTHB | H1: Status | I1: LastEditedBy | J1: Note
A2: PRJ-103 | B2: ปรับปรุงถนนขนส่งในเหมือง | C2: 31 | D2: 11.4 | E2: 11.1 | F2: 30.7 | G2: =F2-C2 | H2: On track | I2: มะลิ ฝึกงาน
A3: PRJ-109 | B3: Digital permit-to-work | C3: 6.8 | D3: 3.9 | E3: 3.7 | F3: 7.2 | G3: =F3-C3 | H3: On track | I3: วิไลวรรณ สมมติ
A4: รวม | C4: =SUM(C2:C3) | D4: =SUM(D2:D3) | E4: =SUM(E2:E3) | F4: =SUM(F2:F3) | G4: =SUM(G2:G3)

Sheet Site C
A1: ProjectID | B1: Title | C1: Budget_MTHB | D1: Spent_PM | E1: Spent_Confirmed | F1: Forecast_MTHB | G1: Variance_MTHB | H1: Status | I1: LastEditedBy | J1: Note
A2: PRJ-104 | B2: ระบบบำบัดน้ำทิ้งเฟส 2 | C2: 26.4 | D2: 11.1 | E2: 10.7 | F2: 26.9 | G2: =F2-C2 | H2: Delayed | I2: มะลิ ฝึกงาน
A3: PRJ-112 | B3: ซ่อมบำรุงใหญ่รถขุด EX-07 | C3: 15.6 | D3: 8.8 | E3: 8.7 | F3: 16.2 | G3: =F3-C3 | H3: At risk | I3: มะลิ ฝึกงาน
A4: รวม | C4: =SUM(C2:C3) | D4: =SUM(D2:D3) | E4: =SUM(E2:E3) | F4: =SUM(F2:F3) | G4: =SUM(G2:G3)

Sheet Site D
A1: ProjectID | B1: Title | C1: Budget_MTHB | D1: Spent_PM | E1: Spent_Confirmed | F1: Forecast_MTHB | G1: Variance_MTHB | H1: Status | I1: LastEditedBy | J1: Note
A2: PRJ-105 | B2: Overhaul หม้อไอน้ำ Unit 2 | C2: 95 | D2: 61.7 | E2: 60.6 | F2: 95 | G2: =F2-C2 | H2: On track | I2: กัญญา ตัวอย่าง
A3: PRJ-110 | B3: ปรับปรุงห้องควบคุม Unit 1 | C3: 22 | D3: 12.4 | E3: 12.4 | F3: 23.6 | G3: =F3-C3 | H3: On track | I3: กัญญา ตัวอย่าง
A4: รวม | C4: =SUM(C2:C3) | D4: =SUM(D2:D3) | E4: =SUM(E2:E3) | F4: =SUM(F2:F3) | G4: =SUM(G2:G3)

Sheet Site E
A1: ProjectID | B1: Title | C1: Budget_MTHB | D1: Spent_PM | E1: Spent_Confirmed | F1: Forecast_MTHB | G1: Variance_MTHB | H1: Status | I1: LastEditedBy | J1: Note
A2: PRJ-106 | B2: เปลี่ยน DCS โรงไฟฟ้า | C2: 72.3 | D2: 20.4 | E2: 20 | F2: 79.5 | G2: =F2-C2 | H2: At risk | I2: กัญญา ตัวอย่าง
A3: รวม | C3: =SUM(C2:C2) | D3: =SUM(D2:D2) | E3: =SUM(E2:E2) | F3: =SUM(F2:F2) | G3: =SUM(G2:G2)

Sheet Site F
A1: ProjectID | B1: Title | C1: Budget_MTHB | D1: Spent_PM | E1: Spent_Confirmed | F1: Forecast_MTHB | G1: Variance_MTHB | H1: Status | I1: LastEditedBy | J1: Note
A2: PRJ-107 | B2: เปลี่ยน inverter ชุด 4–6 | C2: 18.9 | D2: 9.4 | E2: 9.1 | F2: 18.4 | G2: =F2-C2 | H2: On track | I2: ประวิทย์ จำลอง
A3: PRJ-108 | B3: ติดตั้งแบตเตอรี่สำรอง (BESS) นำร่อง | C3: 64 | D3: 3.2 | E3: 3.1 | F3: 64.7 | G3: =F3-C3 | H3: Not started | I3: ประวิทย์ จำลอง
A4: PRJ-111 | B4: ระบบพยากรณ์ผลผลิตโซลาร์ | C4: 4.2 | D4: 1.2 | E4: 1.1 | F4: 4.3 | G4: =F4-C4 | H4: On track | I4: ประวิทย์ จำลอง
A5: รวม | C5: =SUM(C2:C4) | D5: =SUM(D2:D4) | E5: =SUM(E2:E4) | F5: =SUM(F2:F4) | G5: =SUM(G2:G4)

Sheet Change_Log
A1: When | B1: Who | C1: Sheet | D1: What
A2: 2026-10-26 16:10 | B2: กัญญา ตัวอย่าง | C2: Site D | D2: อัปเดต Forecast PRJ-105 หลังพบรอยร้าว
A3: 2026-10-27 09:45 | B3: นกน้อย ใจดี | C3: Site E | D3: ยืนยัน Spent_Confirmed ไตรมาส 3
A4: 2026-10-27 14:20 | B4: สมศักดิ์ ทดสอบ | C4: Site A | D4: อัปเดต Spent_PM PRJ-101/102
